product_id,discounted_price,discount_percentage
B07JW9H4J1,₹399,64.0
B098NS6PVG,₹199,43.0
B096MSW6CT,₹199,90.0
B08HDJ86NZ,₹329,53.0
B08CF3B7N1,₹154,61.0
B08Y1TFSP6,₹149,85.0
B08WRWPM22,₹176.63,65.0
B08DDRGWTJ,₹229,23.0
B008IFXQFU,₹499,50.0
B082LZGK39,₹199,33.0
B08CF3D7QR,₹154,55.0
B0789LZTCJ,₹299,63.0
B07KSMBL2H,₹219,69.0
B085DTN6R2,₹350,61.0
B09KLVMZ3B,₹159,60.0
B083342NKJ,₹349,13.0
B0B6F7LX4C,"₹13,999",44.0
B082LSVT4B,₹249,38.0
B08WRBG3XW,₹199,60.0
B08DPLCM6T,"₹13,490",39.0
B09C6HXFC1,₹970,46.0
B085194JFL,₹279,44.0
B09F6S8BT6,"₹13,490",41.0
B09NHVCHS9,₹59,70.0
B0B1YVCJ2Y,"₹11,499",42.0
B01M4GGIVU,₹199,72.0
B08B42LWKN,"₹14,999",25.0
B094JNXNPV,₹299,25.0
B09W5XR9RT,₹970,51.0
B077Z65HSD,₹299,70.0
B00NH11PEY,₹199,73.0
B09CMM3VGK,₹179,64.0
B08QSC1XY8,₹389,65.0
B008FWZGSG,₹599,0.0
B0B4HJNPV4,₹199,80.0
B08Y1SJVV5,₹99,85.0
B07XLCFSSN,₹899,53.0
B09RZS1NQT,₹199,80.0
B0B3MMYHYW,"₹32,999",28.0
B09C6HWG18,₹970,51.0
B00NH11KIK,₹209,70.0
B09JPC82QC,"₹19,999",43.0
B07JW1Y6XV,₹399,64.0
B07KRCW6LZ,₹999,38.0
B09NJN8L25,₹59,70.0
B07XJYYH7L,₹333,67.0
B002PD61Y4,₹507,58.0
B014I8SSD0,₹309,35.0
B09L8DSSFH,₹399,60.0
B07232M876,₹199,50.0
B07P681N66,"₹1,199",45.0
B0711PVX6Z,₹179,64.0
B082T6V3DT,₹799,62.0
B07MKFNHKG,"₹6,999",46.0
B0BFWGBX61,₹199,43.0
B01N90RZ4M,₹230,54.0
B0088TKTY2,₹649,54.0
B09Q5SWVBJ,"₹15,999",27.0
B0B4DT8MKT,₹348,77.0
B08CDKQ8T6,₹154,56.0
B07B275VN9,₹179,78.0
B0B15CPR37,"₹32,990",31.0
B0994GFWBH,₹139,86.0
B01GGKZ0V6,₹329,61.0
B09F9YQQ7B,"₹13,999",44.0
B014I8SX4Y,₹309,78.0
B09Q8HMKZX,₹263,62.0
B0B9XN9S3W,"₹7,999",47.0
B07966M8XH,"₹1,599",47.0
B01GGKYKQM,₹219,69.0
B0B86CDHL1,₹349,61.0
B0B5ZF3NRK,₹349,42.0
B09RFC46VP,"₹26,999",37.0
B08R69VDHT,₹115,77.0
B09RWZRCP1,₹399,60.0
B09CMP1SC8,₹199,60.0
B09YLXYP7Y,₹179,55.0
B09ZPM4C2C,"₹10,901",65.0
B0B2DJDCPX,₹209,58.0
B0BCZCQTJX,"₹1,434",64.0
B07LGT55SJ,₹399,64.0
B09NKZXMWJ,₹139,44.0
B08QX1CC14,"₹7,299",62.0
B0974H97TJ,₹299,63.0
B07GVGTSLN,₹325,75.0
B09VCHLSJF,"₹29,999",25.0
B0B1YZX72F,"₹27,999",32.0
B092BJMT8Q,"₹30,990",41.0
B0BMXMLSMM,₹199,80.0
B07JH1C41D,₹649,68.0
B0141EZMAI,₹269,66.0
B09Q5P2MT3,"₹24,999",22.0
B08HDH26JX,₹299,57.0
B09VT6JKRP,₹199,80.0
B09T3KB6JZ,"₹18,990",54.0
B093QCY6YJ,₹290,17.0
B093ZNQZ2Y,₹249,69.0
B08LKS3LSP,₹345,65.0
B00V4BGDKU,"₹1,099",42.0
B08CHKQ8D4,₹719,52.0
B09BW334ML,₹349,77.0
B082T6GVLJ,₹849,53.0
B07DL1KC3H,₹299,67.0
B0B6F98KJJ,"₹21,999",27.0
B07JNVF678,₹349,65.0
B09QGZFBPM,₹399,60.0
B07JGDB5M1,₹449,65.0
B0981XSZJ7,₹299,70.0
B0B9XLX8VR,"₹37,999",42.0
B08Y5KXR6Z,₹99,88.0
B09F6VHQXB,"₹7,390",63.0
B0974G5Q2Y,₹273.10,73.0
B09YL9SN9B,"₹15,990",33.0
B09RX1FK54,₹399,60.0
B09TT6BFDX,₹399,80.0
B09KH58JZR,₹210,47.0
B09DDCQFMT,"₹1,299",35.0
B08RP2L2NL,₹347,65.0
B0B4G2MWSB,₹149,85.0
B0B21C4BMX,₹228,75.0
B084MZXJNK,"₹1,599",20.0
B0BHZCNC4P,"₹1,499",63.0
B0B16KD737,"₹8,499",47.0
B099K9ZX65,"₹20,990",53.0
B08Y55LPBF,"₹32,999",27.0
B015OW3M1W,₹799,53.0
B01D5H8ZI8,₹229,62.0
B09X1M3DHX,"₹9,999",64.0
B09MM6P76N,₹349,42.0
B01D5H8LDM,₹489,59.0
B0B1YY6JJL,"₹23,999",31.0
B09QGZM8QB,₹399,60.0
B08L4SBJRY,₹349,73.0
B09X79PP8F,₹179,40.0
B082T6GVG9,₹689,54.0
B0B3XY5YT4,"₹30,990",38.0
B0B4HKH19N,₹249,73.0
B08TGG316Z,₹999,58.0
B071VMP1Z4,₹399,0.0
B071SDRGWL,₹349,50.0
B08PSQRW2T,₹399,64.0
B0859M539M,"₹1,699",43.0
B08RX8G496,₹655,40.0
B002SZEOLG,₹749,44.0
B08CS3BT4L,"₹9,999",23.0
B00RFWNJMC,₹195,61.0
B082T6GXS5,₹999,52.0
B09CMQRQM6,₹499,44.0
B005LJQMCK,₹416,31.0
B09C6H53KH,₹368,47.0
B0BB3CBFBM,"₹29,990",54.0
B08QSDKFGQ,₹339,69.0
B08PV1X771,"₹15,490",26.0
B07YTNKVJQ,₹499,62.0
B0117H7GZ6,₹249,38.0
B09XJ1LM7R,₹399,50.0
B084N133Y7,"₹1,499",25.0
B088Z1YWBC,"₹9,490",41.0
B07VSG5SXZ,₹637,58.0
B08RWCZ6SY,₹399,56.0
B07KSB1MLX,"₹1,089",32.0
B081FG1QYX,₹339,66.0
B08R69WBN7,₹149,70.0
B0B3RHX6B6,₹149,63.0
B084N18QZY,₹599,29.0
B081NHWT6Z,₹299,75.0
B07JPJJZ2H,₹399,69.0
B09JKNF147,₹339,83.0
B0B9959XF3,"₹12,499",46.0
B09PNR6F8Q,₹249,38.0
B07M69276N,"₹1,399",44.0
B0B1YZ9CB8,"₹32,999",31.0
B09YLYB9PB,₹149,63.0
B08CTNJ985,₹325,67.0
B0BP7XLX48,₹399,80.0
B09LHXNZLR,₹199,60.0
B0B3N8VG24,₹88,71.0
B08PSVBB2X,₹399,64.0
B0B3MQXNFB,₹57.89,71.0
B08XMSKKMM,₹799,60.0
B09L8DT7D6,₹205,59.0
B00GE55L22,₹299,57.0
B0162K34H2,₹849,15.0
B0B8SRZ5SV,₹949,53.0
B07CWNJLPC,₹499,58.0
B00NH12R1O,₹299,38.0
B0B8SSC5D9,₹949,53.0
B08WKG2MWT,₹379,66.0
B0B466C3G4,"₹8,990",53.0
B005LJQMZC,₹486,76.0
B07MDRGHWQ,"₹5,699",48.0
B07DC4RZPY,₹709,65.0
B0B15GSPQW,"₹47,990",32.0
B08GJNM9N7,₹299,75.0
B09C6FML9B,₹320,47.0
B0B65MJ45G,₹139,75.0
B08P9RYPLR,₹129,48.0
B0B6F8HHR6,"₹24,999",31.0
B084MZXJN6,₹999,41.0
B08XMG618K,₹225,55.0
B0BCKWZ884,₹547,82.0
B00GGGOYEK,₹259,63.0
B07ZR4S1G4,₹239,66.0
B09C635BMM,₹349,65.0
B00GG59HU2,₹467,22.0
B00RGLI0ZS,₹449,25.0
B09ZPJT8B2,"₹11,990",63.0
B07HZ2QCGR,₹350,42.0
B095244Q22,₹252,75.0
B08CKW1KH9,₹204,66.0
B0BLV1GNLN,"₹6,490",35.0
B08RHPDNVV,₹235,61.0
B00NH13Q8W,₹299,63.0
B0B8SSZ76F,₹799,60.0
B0841KQR1Z,₹299,70.0
B0B467CCB9,"₹6,999",59.0
B095JQVC7N,"₹42,999",28.0
B08PPHFXG3,₹173,83.0
B06XR9PR5X,₹209,65.0
B09JSW16QD,₹848.99,43.0
B07JH1CBGW,₹649,68.0
B09127FZCK,₹299,67.0
B083GQGT3Z,₹399,50.0
B09Q8WQ5QJ,₹249,50.0
B07YZG8PPY,"₹1,249",46.0
B09H39KTTB,₹213,57.0
B08DCVRW98,₹209,58.0
B0718ZN31Q,₹598,88.0
B0162LYSFS,₹799,54.0
B07PFJ5VQD,₹159,73.0
B01J8S6X2I,₹499,55.0
B09MJ77786,"₹31,999",36.0
B09NNGHG22,"₹32,990",42.0
B07V5YF4ND,₹299,75.0
B0B65P827P,₹128.31,77.0
B084MZYBTV,₹599,29.0
B097ZQTDVZ,₹399,56.0
B0B5F3YZY4,₹449,59.0
B09G5TSGXV,₹254,68.0
B006LW0WDQ,₹399,50.0
B09YLX91QR,₹179,55.0
B081FJWN52,₹339,66.0
B0758F7KK7,₹399,60.0
B09L835C3V,₹199,50.0
B098TV3L96,₹349,83.0
B08NCKT9FG,₹299,63.0
B0B4T6MR8N,₹89,89.0
B01GGKZ4NU,₹549,45.0
B09BW2GP18,₹129,87.0
B09WN3SRC7,"₹77,990",44.0
B09B125CFJ,₹349,56.0
B09RQRZW2X,₹499,44.0
B07924P3C5,₹299,63.0
B08N1WL9XW,₹182,70.0
B07VVXJ2P5,₹96,76.0
B0BC8BQ432,"₹54,990",35.0
B06XFTHCNY,₹439,42.0
B08CT62BM1,₹299,70.0
B07CRL2GY6,₹299,63.0
B07DWFX9YS,₹789,61.0
B01D5H90L4,₹299,57.0
B07F1P8KNV,₹325,70.0
B084N1BM9L,"₹1,299",35.0
B09F6D21BY,₹790,60.0
B09LQQYNZQ,"₹4,699",0.0
B0BC9BW512,"₹18,999",24.0
B0B61HYR92,₹199,80.0
B075ZTJ9XR,₹269,59.0
B0978V2CP6,"₹1,990",36.0
B09LRZYBH1,"₹2,299",43.0
B0B997FBZT,"₹35,999",28.0
B098LCVYPW,₹349,65.0
B09HV71RL1,₹719,52.0
B08PZ6HZLT,"₹8,999",53.0
B075TJHWVC,₹917,60.0
B09LV13JFB,₹399,60.0
B092BL5DCX,"₹45,999",34.0
B09VH568H7,₹119,60.0
B09HQSV46W,"₹21,999",27.0
B08TZD7FQN,₹299,50.0
B0B21XL94T,"₹21,990",37.0
B09PTT8DZF,₹417.44,38.0
B0B94JPY2N,₹199,80.0
B0B3XXSB1K,"₹47,990",40.0
B08RZ12GKR,₹215,57.0
B0B4T8RSJ1,₹99,88.0
B0B7B9V9QP,"₹18,999",46.0
B08XXVXP3J,₹249,75.0
B06XGWRKYT,"₹7,999",50.0
B07CWDX49D,₹649,59.0
B09TY4MSH3,"₹1,289",48.0
B07RY2X9MP,₹609,59.0
B0B2C5MJN6,"₹32,990",40.0
B0BBMGLQDW,₹599,70.0
B01LONQBDG,₹349,61.0
B08XXF5V6G,"₹29,999",41.0
B09HK9JH4F,₹199,50.0
B09MMD1FDN,₹349,50.0
B09HN7LD5L,"₹1,850",59.0
B0BNDD9TN6,"₹13,990",52.0
B0941392C8,₹129,71.0
B01M5967SY,₹379,62.0
B016MDK4F4,₹185,63.0
B08G43CCLC,₹218,78.0
B0B61GCHC1,₹199,80.0
B07RX14W1Q,₹499,45.0
B09PLD9TCD,"₹26,999",37.0
B0B8ZKWGKD,₹893,15.0
B09NNJ9WYM,"₹10,990",45.0
B08H5L8V1L,₹379,66.0
B0B8CXTTG3,"₹16,999",35.0
B09HCH3JZG,₹699,63.0
B097JVLW3L,"₹2,699",23.0
B09SB6SJB4,₹129,78.0
B08NW8GHCJ,₹389,61.0
B09YHLPQYT,₹246,59.0
B08G1RW2Q3,₹299,63.0
B08YXJJW8H,₹247,38.0
B09P8M18QM,"₹1,369",54.0
B08BG4M4N7,₹199,60.0
B07VJ9ZTXS,₹299,50.0
B084872DQY,"₹14,999",0.0
B00GGGOYEU,₹299,57.0
B08FD2VSD9,"₹24,990",52.0
B0BQRJ3C47,₹249,75.0
B095JPKPH3,"₹61,999",11.0
B087JWLZ2K,"₹24,499",51.0
B09DSXK8JX,"₹10,499",46.0
B08V9C4B1J,₹349,65.0
B08PKBMJKS,₹197,61.0
B0B8VQ7KDS,"₹1,299",48.0
B086JTMRYL,"₹1,519",20.0
B09RWQ7YR6,"₹46,999",33.0
B00OFM6PEO,₹299,63.0
B0BF57RN3K,"₹1,799",91.0
B0B3RRWSF6,"₹1,998",80.0
B0B5B6PQCT,"₹1,999",75.0
B08HV83HL3,"₹2,049",7.0
B0BBN4DZBD,"₹6,499",28.0
B0B3CPQ5PF,"₹28,999",0.0
B0B3CQBRB4,"₹28,999",0.0
B0BBN56J5H,"₹6,499",28.0
B0BBN3WF7V,"₹6,499",28.0
B0BDRVFDKP,₹569,43.0
B0B5LVS732,"₹1,898",62.0
B09V2Q4QVQ,"₹1,299",19.0
B09V12K8NT,"₹1,499",79.0
B01DEWVZ2C,₹599,40.0
B0BMGB3CH9,"₹9,499",21.0
B08D77XZX5,₹599,76.0
B09XB8GFBQ,"₹8,999",25.0
B07WG8PDCW,₹349,73.0
B07GPXXNNG,₹349,65.0
B0BDYVC5TD,₹959,47.0
B0BMGB2TPR,"₹9,499",21.0
B08MC57J31,"₹1,499",40.0
B08HVL8QN3,"₹1,149",48.0
B0746JGVDS,₹349,65.0
B08VFF6JQ8,"₹1,219",28.0
B09NVPSCQT,"₹1,599",60.0
B09YV4RG4D,"₹1,499",81.0
B09TWHTBKQ,"₹18,499",29.0
B08L5HMJVW,₹369,47.0
B0B4F2XCK3,"₹12,999",28.0
B0BF54972T,"₹1,799",91.0
B09YV4MW2T,"₹2,199",78.0
B09TWH8YHM,"₹16,999",32.0
B07WGMMQGP,"₹16,499",21.0
B0BF563HB4,"₹1,799",91.0
B07JW9H4J1,₹399,64.0
B09GFPVD9Y,"₹8,499",23.0
B09GFLXVH9,"₹6,499",24.0
B0BF4YBLPX,"₹1,799",91.0
B09XB7DPW1,"₹8,999",25.0
B07PFJ5W31,₹139,72.0
B0B3N7LR6K,"₹3,999",76.0
B09ZQK9X8G,"₹2,998",50.0
B098NS6PVG,₹199,43.0
B07WJV6P1R,"₹15,499",18.0
B096MSW6CT,₹199,80.0
B0BF54LXW6,"₹1,799",91.0
B09XB7SRQ5,"₹8,999",25.0
B09FFK1PQG,₹873,49.0
B09RMQYHLH,"₹12,999",19.0
B08ZN4B121,₹539,66.0
B0B3RSDSZ3,"₹1,999",80.0
B08VB34KJ1,"₹15,490",26.0
B09T39K9YL,"₹19,999",20.0
B08VF8V79P,"₹1,075",37.0
B08G28Z33M,₹399,43.0
B09PNKXSKF,"₹1,999",50.0
B0B5DDJNH4,"₹1,999",75.0
B08HDJ86NZ,₹329,53.0
B08CF3B7N1,₹154,61.0
B07WDKLDRX,"₹28,999",17.0
B09MQSCJQ1,"₹2,299",71.0
B094YFFSMY,₹399,80.0
B09MT84WV5,"₹1,149",71.0
B08VS3YLRK,₹529,65.0
B0B4F3QNDM,"₹13,999",28.0
B07GQD4K6L,₹379,62.0
B07WDKLRM4,"₹13,999",30.0
B0BP18W8TM,"₹3,999",60.0
B08Y1TFSP6,₹149,85.0
B07GXHC691,₹99,80.0
B08FN6WGDQ,"₹4,790",70.0
B0B3D39RKV,"₹33,999",0.0
B085HY1DGR,₹99,90.0
B08D75R3Z1,₹299,84.0
B0B4F2TTTS,"₹10,999",27.0
B09WRMNJ9G,"₹34,999",10.0
B0B14MR9L1,"₹16,999",32.0
B09ZPL5VYM,₹199,60.0
B0993BB11X,₹999,38.0
B09V2PZDX8,"₹1,299",19.0
B085W8CFLH,₹599,67.0
B09MT6XSFW,₹599,68.0
B07RD611Z8,"₹1,799",28.0
B08WRWPM22,₹176.63,65.0
B0B4F52B5X,"₹10,999",27.0
B096VF5YYF,"₹2,999",62.0
B0B5D39BCD,"₹1,999",75.0
B08DDRGWTJ,₹229,23.0
B082LZGK39,₹199,33.0
B09XBJ1CTN,₹649,35.0
B0B4F5L738,"₹13,999",28.0
B08MTCKDYN,₹119,60.0
B09QS8V5N8,"₹12,999",28.0
B08CF3D7QR,₹154,55.0
B09T2WRLJJ,"₹20,999",22.0
B089WB69Y1,₹249,62.0
B0116MIKKC,₹99,42.0
B09P858DK8,₹489,76.0
B07DJLFMPS,₹369,77.0
B07WHQWXL7,"₹15,499",26.0
B07WDK3ZS6,"₹15,499",18.0
B09T2S8X9C,"₹22,999",21.0
B07S9S86BF,₹599,60.0
B07N8RQ6W7,₹134,81.0
B09FKDH6FS,"₹7,499",6.0
B08HVJCW95,"₹1,149",48.0
B09YDFDVNS,"₹1,324",22.0
B07WGPKTS4,"₹13,999",30.0
B0789LZTCJ,₹299,63.0
B09MZCQYHZ,₹999,38.0
B0B4F2ZWL3,"₹12,999",28.0
B08VB2CMR3,"₹15,490",26.0
B095RTJH1M,₹999,66.0
B097R25DP7,"₹1,599",68.0
B09YDFKJF8,"₹1,324",22.0
B07WDK3ZS2,"₹20,999",30.0
B08RZ5K9YH,₹999,50.0
B08444S68L,"₹12,490",22.0
B07WHQBZLS,"₹17,999",18.0
B085DTN6R2,₹350,61.0
B09JS562TP,"₹1,399",14.0
B09KLVMZ3B,₹159,60.0
B09V17S2BG,"₹1,499",79.0
B0B5CGTBKV,"₹1,999",75.0
B0B23LW7NV,₹999,66.0
B09KGV7WSV,"₹2,099",65.0
B0971DWFDT,₹337,52.0
B0BNV7JM5Y,"₹2,999",62.0
B0B53QFZPY,"₹1,299",78.0
B083342NKJ,₹349,13.0
B07WJWRNVK,"₹16,499",21.0
B01F25X6RQ,₹499,0.0
B09C6HXFC1,₹970,46.0
B0B244R4KB,₹999,66.0
B0BMGG6NKT,"₹10,499",22.0
B082LSVT4B,₹249,38.0
B092JHPL72,₹251,75.0
B08WRBG3XW,₹199,60.0
B09GFM8CGS,"₹6,499",19.0
B0B3MWYCHQ,"₹2,999",70.0
B09J2MM5C6,₹279,81.0
B07Q4QV1DL,₹269,82.0
B0B56YRBNT,"₹8,999",33.0
B09NHVCHS9,₹59,70.0
B01DF26V7A,₹599,54.0
B08K4PSZ3V,₹349,65.0
B0B4F1YC3J,"₹13,999",28.0
B08K4RDQ71,₹349,65.0
B085CZ3SR1,₹499,17.0
B09YV3K34W,"₹2,199",78.0
B09Z6WH2N1,₹95,81.0
B09NL4DJ2Z,₹139,44.0
B0BGSV43WY,"₹4,499",44.0
B0926V9CTV,₹89,85.0
B07WGPKMP5,"₹15,499",26.0
B0BBFJ9M3X,"₹13,999",13.0
B09PLFJ7ZW,"₹1,999",60.0
B0B53NXFFR,"₹1,399",77.0
B07GNC2592,₹599,40.0
B09TP5KBN7,₹199,82.0
B0949SBKMP,"₹1,799",74.0
B09V175NP7,"₹1,499",79.0
B07WHSJXLF,"₹20,999",30.0
B0BD3T6Z1D,"₹12,999",4.0
B09LHYZ3GJ,"₹16,999",19.0
B07WFPMGQQ,"₹19,999",29.0
B09QS9X9L8,"₹12,999",32.0
B0B6BLTGTT,"₹2,999",50.0
B077Z65HSD,₹299,70.0
B09W5XR9RT,₹970,51.0
B084DTMYWK,₹329,67.0
B0B53QLB9H,"₹1,299",78.0
B0BDYW3RN3,"₹1,989",43.0
B0B3RS9DNF,"₹1,999",80.0
B09QS9X16F,"₹12,999",32.0
B08HV25BBQ,"₹1,499",70.0
B09LJ116B5,"₹16,999",19.0
B0BMVWKZ8G,"₹1,999",76.0
B0BD92GDQH,"₹4,999",29.0
B08Y1SJVV5,₹99,85.0
B0B5GF6DQD,"₹2,499",58.0
B09JS94MBV,"₹1,399",14.0
B09YV463SW,"₹1,499",85.0
B07XLCFSSN,₹899,53.0
B09NL4DCXK,₹249,58.0
B0B8CHJLWJ,₹299,75.0
B0B8ZWNR5T,₹79,84.0
B0BBFJLP21,"₹13,999",13.0
B01F262EUU,₹949,5.0
B09VZBGL1N,₹99,80.0
B0BNVBJW2S,"₹2,499",69.0
B0B2DJ5RVQ,₹689,66.0
B096TWZRJC,₹499,74.0
B09GP6FBZT,₹299,70.0
B0B3DV7S9B,₹209,58.0
B09MKP344P,"₹8,499",35.0
B08JW1GVS7,"₹2,179",46.0
B09LHZSMRR,"₹16,999",19.0
B0B5V47VK4,"₹44,999",10.0
B08H21B6V7,"₹2,599",13.0
B09BNXQ6BR,"₹2,799",57.0
B01FSYQ2A4,"₹1,399",53.0
B08L5FM4JC,₹649,73.0
B0B54Y2SNX,₹799,80.0
B08BQ947H3,₹149,0.0
B082T6V3DT,₹799,62.0
B0B7DHSKS7,"₹3,799",28.0
B09SJ1FTYV,₹199,90.0
B09XJ5LD6L,"₹23,999",27.0
B07WHS7MZ1,"₹29,990",25.0
B0BBVKRP7B,₹281,86.0
B09NY7W8YD,"₹7,998",33.0
B0BMM7R92G,₹249,75.0
B08M66K48D,₹299,50.0
B09RFB2SJQ,₹499,74.0
B0B82YGCF6,₹899,74.0
B08HF4W2CT,"₹1,599",54.0
B08BCKN299,₹120,88.0
B0B2X35B1K,"₹3,999",43.0
B09QS9CWLV,"₹12,999",32.0
B0B1NX6JTN,"₹1,599",38.0
B078G6ZF5Z,₹699,42.0
B0BBW521YC,₹99,90.0
B09HSKYMB3,"₹7,915",21.0
B09YV42QHZ,"₹1,499",81.0
B09BF8JBWX,"₹1,055",16.0
B0B5YBGCKD,₹150,75.0
B01GGKYKQM,₹219,69.0
B09MY4W73Q,₹474,74.0
B08R69VDHT,₹115,77.0
B09T37CKQ5,₹239,60.0
B09GFPN6TP,"₹7,499",21.0
B0B298D54H,₹265,73.0
B08VB57558,"₹37,990",49.0
B09CMP1SC8,₹199,60.0
B09YLXYP7Y,₹179,55.0
B0B9BXKBC7,"₹1,799",55.0
B09NY6TRXG,"₹8,499",29.0
B09NVPJ3P4,"₹1,999",50.0
B0B3NDPCS9,"₹3,999",78.0
B09VGKFM7Y,₹219,56.0
B07QCWY5XV,₹599,57.0
B098QXR9X2,"₹2,499",17.0
B07H1S7XW8,₹89,82.0
B0BNXFDTZ2,"₹2,999",75.0
B088ZFJY82,₹314,79.0
B0B4F4QZ1H,"₹13,999",28.0
B09BCNQ9R2,₹139,72.0
B0B9BD2YL4,"₹2,599",63.0
B071Z8M4KX,₹365,63.0
B09N3ZNHTY,"₹1,499",67.0
B0B3RRWSF6,"₹1,998",80.0
B0B5B6PQCT,"₹1,799",77.0
B005FYNT3G,₹289,56.0
B01J0XWYKQ,₹599,33.0
B09CTRPSJR,₹217,8.0
B08JQN8DGZ,"₹1,299",57.0
B0B72BSW7K,₹263,62.0
B0BDRVFDKP,₹569,43.0
B0B5LVS732,"₹1,999",60.0
B08TV2P1N8,"₹1,399",65.0
B07XCM6T4N,₹349,77.0
B07T5DKR5D,₹149,63.0
B01DEWVZ2C,₹599,40.0
B07PR1CL3S,"₹1,220",69.0
B09V12K8NT,"₹1,499",79.0
B07JQKQ91F,₹499,50.0
B08W56G1K9,₹99,90.0
B07WG8PDCW,₹349,73.0
B01L8ZNWN2,₹475,68.0
B009VCGPSY,₹269,59.0
B0B296NTFV,₹299,50.0
B09NVPSCQT,"₹1,599",60.0
B09YV4RG4D,"₹1,499",81.0
B07TCN5VR9,₹329,67.0
B00ZYLMQH0,₹549,69.0
B09YV4MW2T,"₹2,199",78.0
B01HJI0FS2,₹299,54.0
B076B8G5D8,₹798,60.0
B07JW9H4J1,₹399,64.0
B014SZO90Y,₹266,16.0
B07KCMR8D6,₹50,0.0
B00N1U9AJS,₹130,21.0
B07KY3FNQP,₹449,65.0
B0B3N7LR6K,"₹3,999",76.0
B07QZ3CZ48,₹399,69.0
B09T3H12GV,"₹1,399",44.0
B098NS6PVG,₹199,43.0
B096MSW6CT,₹199,80.0
B09ZQK9X8G,"₹2,998",50.0
B08ZJDWTJ1,"₹4,098",18.0
B08FTFXNNB,₹499,75.0
B08YDFX7Y1,₹299,33.0
B08HDJ86NZ,₹329,53.0
B087FXHB6J,₹699,30.0
B07N42JB4S,₹799,80.0
B0B31BYXQQ,"₹1,399",75.0
B08CF3B7N1,₹154,61.0
B07SLMR1K6,₹519,62.0
B09MQSCJQ1,"₹2,299",71.0
B094YFFSMY,₹399,80.0
B092X94QNQ,"₹1,499",62.0
B0846D5CBP,"₹1,295",0.0
B00KXULGJQ,"₹1,889",66.0
B08H9Z3XQW,₹455,69.0
B08LPJZSSW,₹399,60.0
B09MT84WV5,"₹1,059",74.0
B08Y1TFSP6,₹149,85.0
B08CYPB15D,₹717,6.0
B085HY1DGR,₹99,90.0
B00MFPCY5C,₹39,87.0
B07JJFSG2B,₹889,64.0
B09NR6G588,"₹1,199",76.0
B07JPX9CR7,₹569,56.0
B08D11DZ2W,"₹1,499",83.0
B07Q7561HD,₹149,17.0
B0819HZPXL,₹399,27.0
B00LXTFMRS,₹191,15.0
B0B9LDCX89,₹129,87.0
B0765B3TH7,₹199,67.0
B0B1F6GQPS,₹999,78.0
B07LG59NPV,₹899,80.0
B07RD611Z8,"₹1,799",28.0
B08WRWPM22,₹176.63,65.0
B00AXHBBXU,₹522,5.0
B08MCD9JFY,₹799,60.0
B083RCTXLL,₹681,43.0
B08HLZ28QC,"₹1,199",66.0
B07GVR9TG7,"₹2,499",50.0
B0856HY85J,"₹1,799",64.0
B07CD2BN46,₹429,28.0
B07PLHTTB4,₹100,80.0
B077T3BG5L,₹329,18.0
B08DDRGWTJ,₹229,23.0
B079Y6JZC8,₹139,54.0
B0856HNMR7,"₹1,199",52.0
B0B12K5BPM,"₹1,049",54.0
B08MTCKDYN,₹119,60.0
B08CF3D7QR,₹154,55.0
B00LVMTA2A,₹225,10.0
B07TR5HSR9,₹656,56.0
B0819ZZK5K,"₹1,109",60.0
B096VF5YYF,"₹2,999",62.0
B08QJJCY2Q,₹169,43.0
B07L5L4GTB,₹309,24.0
B07L8KNP5F,₹599,57.0
B08CF4SCNP,₹299,50.0
B09XX51X2G,₹449,55.0
B01M72LILF,₹799,38.0
B07KSMBL2H,₹219,69.0
B00LZLQ624,₹157,2.0
B07DJLFMPS,₹369,77.0
B09GB5B4BK,₹599,33.0
B015ZXUDD0,₹479,20.0
B085DTN6R2,₹350,61.0
B09PL79D2X,"₹1,598",47.0
B098K3H92Z,₹599,33.0
B09KLVMZ3B,₹159,60.0
B084PJSSQ1,"₹1,299",57.0
B097R25DP7,"₹1,599",68.0
B097C564GC,₹294,94.0
B08CYNJ5KY,₹828,4.0
B00Y4ORQ46,₹745,6.0
B074CWD7MS,"₹1,549",38.0
B083342NKJ,₹349,13.0
B09C6HXFC1,₹970,46.0
B00A0VCJPI,"₹1,469",41.0
B00UGZWM2I,₹198,75.0
B00R1P3B4O,₹549,0.0
B0B3MWYCHQ,"₹2,999",70.0
B09DG9VNWB,"₹12,000",60.0
B09Y5MP7C4,"₹1,299",63.0
B01DJJVFPC,₹269,15.0
B07DFYJRQV,₹799,47.0
B08L879JSN,"₹6,299",54.0
B08TDJNM3G,₹59,0.0
B06XSK3XL6,₹571,43.0
B07YNTJ8ZM,₹549,45.0
B09KGV7WSV,"₹2,099",65.0
B08DPLCM6T,"₹13,490",39.0
B07KR5P3YD,₹448,36.0
B08FB2LNSZ,"₹1,499",50.0
B01IBRHE3E,₹299,40.0
B01N6LU1VF,₹579,59.0
B07XLML2YS,"₹2,499",24.0
B086WMSCN3,"₹1,199",80.0
B003B00484,₹399,20.0
B085194JFL,₹279,44.0
B09F6S8BT6,"₹13,490",41.0
B003L62T7W,₹279,26.0
B09P18XVW6,"₹2,499",50.0
B00LZLPYHW,₹137,14.0
B09NHVCHS9,₹59,70.0
B00NNQMYNE,₹299,40.0
B0B217Z5VK,"₹1,799",55.0
B07B88KQZ8,"₹1,999",33.0
B01M4GGIVU,₹199,72.0
B07Z3K96FR,₹399,73.0
B0756CLQWL,"₹1,699",58.0
B004IO5BMQ,₹699,30.0
B09Z6WH2N1,₹95,81.0
B01HGCLUH6,"₹1,149",32.0
B01N4EV2TL,"₹1,495",25.0
B08MZQBFLN,₹849,83.0
B0752LL57V,₹440,0.0
B08K4PSZ3V,₹349,65.0
B09Z28BQZT,₹599,85.0
B094DQWV9B,₹149,63.0
B0BBMPH39N,₹289,71.0
B097JQ1J5G,₹179,64.0
B07YY1BY5B,"₹1,499",70.0
B08VRMK55F,₹399,43.0
B08CHZ3ZQ7,₹599,25.0
B08SCCG9D4,₹949,53.0
B0972BQ2RS,"₹2,499",75.0
B00ZRBWPA0,₹159,12.0
B0B2DD66GS,"₹1,329",54.0
B09M869Z5V,₹570,43.0
B07W6VWZ8C,₹899,55.0
B07Z1X6VFC,₹449,55.0
B07YL54NVJ,₹549,45.0
B0759QMF85,"₹1,529",36.0
B00LM4X0KU,₹100,0.0
B08PFSZ7FH,₹299,80.0
B012MQS060,"₹1,295",28.0
B01MF8MB65,₹699,30.0
B00LHZWD0C,₹252,20.0
B08QDPB1SL,₹190,14.0
B07BRKK9JQ,"₹1,299",19.0
B01EZ0X3L8,₹729,56.0
B00LM4W1N2,₹480,20.0
B0949SBKMP,"₹1,799",74.0
B08YD264ZS,₹999,60.0
B094JNXNPV,₹299,25.0
B00GZLB57U,₹238,66.0
B07V82W5CN,"₹1,349",39.0
B077Z65HSD,₹299,70.0
B08HD7JQHX,₹199,60.0
B0B31FR4Y2,"₹1,999",80.0
B09Y14JLP3,₹99,80.0
B09ZHCJDP1,₹499,50.0
B08C4Z69LN,"₹1,792",49.0
B016XVRKZM,"₹3,299",20.0
B00LHZW3XY,₹125,31.0
B098JYT4SY,₹399,66.0
B08CFCK6CW,"₹1,199",85.0
B09P564ZTJ,₹235,85.0
B07MSLTW8Z,₹549,73.0
B09N6TTHT6,₹89,10.0
B09W5XR9RT,₹970,51.0
B098R25TGC,"₹1,299",57.0
B0B2PQL5N3,₹230,77.0
B07DKZCZ89,₹119,76.0
B08GYG6T12,₹449,44.0
B09BN2NPBD,"₹1,699",51.0
B00J4YG0PC,₹561,22.0
B073BRXPZX,₹289,51.0
B08LHTJTBB,₹599,70.0
B07VTFN6HM,"₹5,599",24.0
B008QS9J6Y,"₹1,990",23.0
B09M8888DM,₹499,38.0
B07Z1YVP72,₹449,55.0
B082FTPRSK,₹999,50.0
B09RF2QXGX,₹69,77.0
B01KK0HU3Y,₹899,40.0
B07JF9B592,₹478,32.0
B086394NY5,"₹1,399",44.0
B00NH11PEY,₹199,73.0
B017PDR9N0,₹149,70.0
B07NC12T2R,"₹1,799",64.0
B07WKBD37W,₹425,57.0
B08JMC1988,₹999,60.0
B09GFN8WZL,₹378,62.0
B095X38CJS,₹99,0.0
B07ZKD8T1Q,"₹1,499",50.0
B07G3YNLJB,"₹1,815",41.0
B00P93X2H6,₹67,11.0
B0798PJPCL,"₹1,889",30.0
B09GFWJDY1,₹499,67.0
B09MZ6WZ6V,₹499,50.0
B094QZLJQ6,"₹5,799",28.0
B07L3NDN24,₹499,38.0
B08WD18LJZ,₹249,59.0
B09CMM3VGK,₹179,64.0
B06XDKWLJH,"₹4,449",22.0
B01J1CFO5I,₹299,46.0
B07J2NGB69,₹629,55.0
B00MUTWLW4,"₹2,595",21.0
B08QSC1XY8,₹389,65.0
B017NC2IPM,"₹1,799",38.0
B00N1U7JXM,₹90,49.0
B08HQL67D6,₹599,0.0
B09RKFBCV7,"₹1,999",75.0
B08KHM9VBJ,"₹2,099",35.0
B01IOZUHRS,₹179,64.0
B00CEQEGPI,"₹1,345",41.0
B08B6XWQ1C,₹349,65.0
B01DGVKBC6,₹287,42.0
B008FWZGSG,₹599,0.0
B08JD36C6H,₹349,22.0
B00E3DVQFS,₹879,21.0
B0B4HJNPV4,₹199,80.0
B00BN5SNF0,₹250,0.0
B09SGGRKV8,₹199,60.0
B07XLCFSSN,₹899,53.0
B09RZS1NQT,₹199,80.0
B084BR3QX8,₹149,85.0
B09VC2D2WG,₹469,69.0
B09163Q5CD,"₹1,187",38.0
B08K9PX15C,₹849,43.0
B083RD1J99,₹328,18.0
B09Z7YGV3R,₹269,62.0
B00N3XLDW0,₹299,25.0
B07Z53L5QL,₹549,63.0
B00P93X0VO,₹114,5.0
B07SBGFDX9,₹120,0.0
B09C6HWG18,₹970,51.0
B00NH11KIK,₹209,70.0
B07X2L5Z8C,"₹1,490",35.0
B00VA7YYUO,₹99,0.0
B07L9FW9GF,₹149,40.0
B08D64C9FN,₹575,79.0
B07XJYYH7L,₹333,67.0
B00LOD70SC,₹178,15.0
B09X76VL5L,"₹1,599",54.0
B091JF2TFD,₹499,62.0
B07S7DCJKS,₹199,60.0
B09NC2TY11,"₹2,499",58.0
B0BDS8MY8J,₹199,80.0
B09X7DY7Q4,₹939,48.0
B09YV575RK,"₹2,499",75.0
B08LW31NQ6,"₹1,439",50.0
B09ND94ZRG,"₹1,099",82.0
B00P93X6EK,₹157,2.0
B07KRCW6LZ,₹999,38.0
B0994GP1CX,₹115,88.0
B07H8W9PB6,₹175,65.0
B09NNHFSSF,"₹1,999",57.0
B08D9NDZ1Y,"₹3,999",8.0
B0085IATT6,₹899,50.0
B08WJ86PV2,₹299,70.0
B078HRR1XV,"₹3,303",30.0
B09P22HXH6,"₹1,890",66.0
B00LM4X3XE,₹90,10.0
B09YLFHFDW,"₹1,599",43.0
B07YWS9SP9,₹599,40.0
B002PD61Y4,₹507,58.0
B08WLY8V9S,₹425,53.0
B0873L7J6X,"₹1,499",63.0
B07YNHCW6N,₹549,78.0
B07232M876,₹199,50.0
B01MQ2A86A,"₹1,295",21.0
B00KIE28X0,₹310,0.0
B08BQ947H3,₹149,0.0
B0BHYJ8CVF,"₹1,149",23.0
B0BCVJ3PVP,₹499,62.0
B0B2931FCV,₹999,76.0
B09TMZ1MF8,"₹1,709",57.0
B07VV37FT4,₹250,0.0
B07P681N66,"₹1,199",45.0
B07JB2Y4SR,₹90,10.0
B08KRMK9LZ,"₹2,025",66.0
B08LT9BMPP,"₹1,495",25.0
B082T6V3DT,₹799,62.0
B0814ZY6FP,₹899,25.0
B09F3PDDRF,₹349,65.0
B07X963JNS,₹900,64.0
B09LD3116F,"₹2,490",38.0
B08Y5QJTVK,₹116,42.0
B00LY1FN1K,₹200,13.0
B07DJ5KYDZ,"₹1,249",55.0
B009LJ2BXA,₹649,35.0
B09BVCVTBC,"₹2,649",24.0
B0BFWGBX61,₹199,43.0
B07SY4C3TD,₹596,18.0
B094JB13XL,"₹2,499",58.0
B08CRRQK6Z,"₹4,999",60.0
B08MTLLSL8,₹399,69.0
B08Y57TPDM,₹116,42.0
B09CYTJV3N,"₹4,499",25.0
B07GLNJC25,₹330,34.0
B08FY4FG5X,₹649,74.0
B07TMCXRFV,"₹1,234",23.0
B01FSYQ2A4,"₹1,399",53.0
B00LZPQVMK,₹272,15.0
B08X77LM8C,₹99,90.0
B01EJ5MM5M,"₹3,498",10.0
B08J82K4GX,"₹10,099",47.0
B07Z1Z77ZZ,₹449,55.0
B00DJ5N9VK,₹150,0.0
B0B4DT8MKT,₹348,77.0
B08FGNPQ9X,"₹1,199",60.0
B07NTKGW45,₹397,56.0
B08CDKQ8T6,₹154,56.0
B08J4PL1Z3,₹699,53.0
B07XJWTYM2,"₹1,679",16.0
B09939XJX8,₹354,76.0
B09MDCZJXS,"₹1,199",78.0
B08CTQP51L,₹379,75.0
B0BG62HMDJ,₹499,36.0
B08GTYFC37,"₹10,389",68.0
B08SBH499M,₹649,50.0
B08FYB5HHK,"₹1,199",40.0
B0994GFWBH,₹139,86.0
B0B5GJRTHB,₹889,56.0
B09GBBJV72,"₹1,409",36.0
B07P434WJY,₹549,73.0
B07T9FV9YP,₹749,58.0
B01GGKZ0V6,₹329,61.0
B08WKFSN84,₹379,66.0
B09TBCVJS3,"₹5,998",25.0
B08TR61BVK,₹299,80.0
B0B2CPVXHX,₹379,75.0
B08XNL93PL,"₹1,399",53.0
B088GXTJM3,₹699,46.0
B099S26HWG,₹300,0.0
B08461VC1Z,₹999,50.0
B00K32PEW4,₹535,0.0
B09F9YQQ7B,"₹13,999",44.0
B07LFWP97N,₹269,76.0
B0746N6WML,₹341,24.0
B07W9KYT62,"₹2,499",38.0
B0B5ZF3NRK,₹349,42.0
B08D9MNH4B,"₹5,899",16.0
B078G6ZF5Z,₹699,42.0
B09MKG4ZCM,"₹1,565",48.0
B07RZZ1QSW,₹326,59.0
B08BCKN299,₹120,88.0
B07222HQKP,₹657,34.0
B00NFD0ETQ,"₹1,995",31.0
B075DB1F13,"₹1,500",0.0
B0148NPH9I,"₹2,640",17.0
B01JOFKL0A,"₹5,299",17.0
B09Q8HMKZX,₹263,62.0
B079S811J3,"₹1,990",34.0
B0083T231O,"₹1,289",14.0
B086PXQ2R4,₹165,0.0
B07L1N3TJX,"₹1,699",51.0
B07YFWVRCM,"₹2,299",69.0
B01GGKYKQM,₹219,69.0
B08TDJ5BVF,₹39,0.0
B09XXZXQC1,"₹26,999",29.0
B083T5G5PM,"₹1,490",25.0
B0BHVPTM2C,₹398,80.0
B0B86CDHL1,₹349,61.0
B01NBX5RSB,₹770,50.0
B08MWJTST6,₹279,79.0
B07R99NBVB,₹249,58.0
B08R69VDHT,₹115,77.0
B00LY12TH6,₹230,0.0
B09RWZRCP1,₹399,60.0
B08497Z1MQ,₹599,14.0
B07KNM95JK,₹598,48.0
B09Q3M3WLJ,₹399,73.0
B09B9SPC7F,₹499,62.0
B09CMP1SC8,₹199,60.0
B099SD8PRP,₹579,47.0
B09YLXYP7Y,₹179,55.0
B00S2SEV7K,₹90,10.0
B08WKCTFF3,₹899,55.0
B08498D67S,"₹1,149",36.0
B00C3GBCIS,₹249,50.0
B00URH5E34,₹39,0.0
B00EYW1U68,"₹1,599",56.0
B08SMJT55F,"₹1,199",70.0
B0B2DJDCPX,₹209,58.0
B08Y7MXFMK,"₹1,099",27.0
B086Q3QMFS,₹120,0.0
B08498H13H,"₹1,519",57.0
B07LFQLKFZ,₹420,0.0
B00LY17RHI,₹225,0.0
B07W14CHV8,₹199,75.0
B0B9BXKBC7,"₹1,799",55.0
B09F5Z694W,"₹8,349",13.0
B0B25LQQPC,"₹3,307",46.0
B07GVGTSLN,₹325,75.0
B01LYLJ99X,₹449,65.0
B014SZPBM4,₹380,5.0
B08CZHGHKH,₹499,64.0
B0B2RBP83P,"₹37,247",38.0
B078W65FJ7,₹849,66.0
B08S74GTBT,₹799,60.0
B0B9BD2YL4,"₹2,599",63.0
B0BMXMLSMM,₹199,80.0
B0141EZMAI,₹269,66.0
B07QMRHWJD,₹298,70.0
B07W7Z6DVL,"₹1,499",50.0
B07WMS7TWB,₹649,48.0
B00H47GVGY,"₹1,199",29.0
B07VX71FZP,"₹1,199",40.0
B07NCKMXVZ,₹455,54.0
B0B61DSF17,₹199,90.0
B07VQGVL68,₹293,41.0
B01LWYDEQ7,₹199,60.0
B07VNFP3C2,₹749,40.0
B00LUGTJGO,"₹1,399",10.0
B01MQZ7J8K,₹749,48.0
B01GFTEV5Y,"₹1,699",47.0
B00NW4UWN6,"₹1,043",22.0
B01NCVJMKX,₹499,50.0
B00O24PUO6,"₹1,464",11.0
B07GXPDLYQ,₹249,50.0
B01C8P29N0,₹625,55.0
B08KDBLMQP,"₹1,290",48.0
B078JDNZJ8,"₹3,600",42.0
B01M5F614J,"₹6,549",53.0
B083GKDRKR,"₹1,625",46.0
B097R2V1W8,"₹2,599",56.0
B07YR26BJ3,"₹1,199",40.0
B097R45BH8,"₹5,499",58.0
B09X5C9VLK,"₹1,299",63.0
B01C8P29T4,₹599,24.0
B00HVXS7WC,"₹1,999",38.0
B096YCN3SD,₹549,45.0
B09LQH3SD9,₹999,50.0
B09KNMLH4Y,₹398,80.0
B00ABMASXG,₹539,25.0
B07QDSN9V6,₹699,56.0
B00YMJ0OI8,"₹2,148",41.0
B0B8XNPQPN,"₹3,599",55.0
B0814P4L98,₹351,65.0
B008QTK47Q,"₹1,614",8.0
B088ZTJT2R,₹719,44.0
B0BK1K598K,₹678,55.0
B09Y5FZK9N,₹809,48.0
B09J2SCVQT,"₹1,969",61.0
B00TDD0YM4,"₹1,490",12.0
B078KRFWQB,"₹2,499",37.0
B07SRM58TP,"₹1,665",21.0
B00EDJJ7FS,"₹3,229",39.0
B0832W3B7Q,"₹1,799",50.0
B07WNK1FFN,"₹1,260",26.0
B009P2LK08,₹749,34.0
B07DGD4Z4C,"₹3,499",40.0
B07GMFY9QM,₹379,62.0
B0BGPN4GGH,"₹1,099",54.0
B0B2DZ5S6R,₹749,42.0
B07S851WX5,"₹1,299",0.0
B01MY839VW,₹549,50.0
B09LV1CMGH,₹899,55.0
B01EY310UM,"₹1,321",14.0
B09NL7LBWT,"₹1,099",45.0
B008YW8M0G,₹775,11.0
B097R3XH9R,"₹6,299",59.0
B08TM71L54,"₹3,190",24.0
B0BPBXNQQT,₹799,60.0
B00W56GLOQ,"₹2,699",46.0
B0883KDSXC,₹599,39.0
B078V8R9BS,₹749,33.0
B08GSQXLJ2,"₹6,199",40.0
B01M5B0TPW,"₹1,819",27.0
B082KVTRW8,"₹1,199",37.0
B08CFJBZRK,"₹3,249",48.0
B07H3WDC4X,₹349,65.0
B09ZTZ9N3Q,"₹1,049",38.0
B083P71WKK,₹799,47.0
B097R4D42G,"₹4,999",48.0
B07MKMFKPG,"₹6,999",34.0
B0949FPSFY,₹799,60.0
B08F47T4X5,₹89,0.0
B01M0505SJ,"₹1,400",44.0
B08D6RCM3Q,₹355,61.0
B009P2LITG,"₹2,169",34.0
B00V9NHDI4,"₹2,799",26.0
B07WGPBXY9,₹899,28.0
B00KRCBA6E,"₹2,499",50.0
B0B3X2BY3M,"₹3,599",51.0
B00F159RIK,₹499,20.0
B08MV82R99,₹653,36.0
B09VKWGZD7,"₹4,789",47.0
B009P2LK80,"₹1,409",14.0
B00A7PLVU6,₹753,16.0
B0B25DJ352,₹353,71.0
B013B2WGT6,"₹1,099",42.0
B097RJ867P,"₹8,799",24.0
B091V8HK8Z,"₹1,345",23.0
B071VNHMX2,"₹2,095",0.0
B08MVSGXMY,"₹1,498",35.0
B00H0B29DI,"₹2,199",26.0
B01GZSQJPA,"₹3,699",14.0
B08VGFX2B6,₹177,11.0
B09GYBZPHF,"₹1,149",54.0
B0B4KPCBSH,₹244,51.0
B09CGLY5CX,"₹1,959",18.0
B09JN37WBX,₹319,57.0
B01I1LDZGA,"₹1,499",16.0
B0BN2576GQ,₹469,71.0
B06XPYRWV5,"₹1,099",39.0
B01N1XVVLC,"₹9,590",40.0
B00O2R38C4,₹999,33.0
B0B2CZTCL2,"₹1,299",35.0
B00PVT30YI,₹292,41.0
B00SH18114,₹160,46.0
B00E9G8KOY,₹600,0.0
B00H3H03Q4,"₹1,130",0.0
B0756K5DYZ,"₹3,249",48.0
B0188KPKB2,"₹3,599",62.0
B091KNVNS9,₹368,47.0
B075JJ5NQC,"₹3,199",36.0
B0B5KZ3C53,"₹1,599",45.0
B09NTHQRW3,"₹1,999",20.0
B008YW3CYM,₹616,48.0
B07QHHCB27,"₹1,499",29.0
B0BMFD94VD,₹199,60.0
B00HZIOGXW,₹610,26.0
B09CKSYBLR,₹999,33.0
B072J83V9W,"₹8,999",10.0
B09MTLG4TP,₹453,55.0
B097XJQZ8H,"₹2,464",59.0
B00935MD1C,"₹2,719",31.0
B0BR4F878Q,"₹1,439",28.0
B0B3G5XZN5,"₹2,799",20.0
B07WKB69RS,"₹2,088",62.0
B09DL9978Y,"₹2,399",48.0
B06XMZV7RH,₹308,38.0
B09WMTJPG7,"₹2,599",41.0
B09ZK6THRR,₹479,52.0
B07MP21WJD,₹245,18.0
B09XB1R2F3,₹179,78.0
B08Y5QJXSR,"₹3,569",31.0
B07WJXCTG9,₹699,48.0
B09NBZ36F7,"₹2,089",48.0
B0912WJ87V,"₹2,339",42.0
B0BMTZ4T1D,₹784,51.0
B07Z51CGGH,"₹5,499",45.0
B0BDG6QDYD,₹899,55.0
B00YQLG7GK,"₹1,695",0.0
B00SMJPA9C,₹499,47.0
B0B9RN5X8B,"₹2,699",43.0
B08QW937WV,"₹1,448",52.0
B0B4PPD89B,₹79,0.0
B08GM5S4CQ,"₹6,990",51.0
B00NM6MO26,"₹2,698",32.0
B083M7WPZD,"₹3,199",47.0
B07GLSKXS1,"₹1,199",39.0
B09F6KL23R,"₹1,414",49.0
B094G9L9LT,₹999,49.0
B09FZ89DK6,"₹5,999",40.0
B0811VCGL5,"₹9,970",23.0
B07FXLC2G2,₹698,0.0
B01LYU3BZF,"₹2,199",31.0
B083RC4WFJ,₹320,60.0
B09SFRNKSR,₹298,40.0
B07NRTCDS5,"₹1,199",20.0
B07SPVMSC6,"₹1,399",47.0
B09H3BXWTK,₹599,79.0
B0073QGKAS,"₹1,499",0.0
B08GJ57MKL,"₹14,400",76.0
B009DA69W6,"₹1,699",11.0
B099PR2GQJ,₹649,35.0
B08G8H8DPL,"₹3,249",49.0
B08VGM3YMF,₹199,60.0
B08TTRVWKY,"₹1,099",42.0
B07T4D9FNY,₹664,55.0
B07RX42D3D,₹260,26.0
B08WRKSF9D,"₹6,499",24.0
B09R83SFYV,"₹1,484",41.0
B07989VV5K,₹999,36.0
B07FL3WRX5,"₹3,299",49.0
B0BPCJM7TB,₹259,74.0
B08H673XKN,"₹3,249",58.0
B07DXRGWDJ,"₹4,280",29.0
B08243SKCK,₹189,37.0
B09SPTNG58,"₹1,449",38.0
B083J64CBB,₹199,60.0
B08JV91JTK,₹474,64.0
B0BQ3K23Y1,₹279,44.0
B09MT94QLL,"₹1,999",58.0
B07NKNBTT3,₹799,35.0
B09KPXTZXN,₹949,53.0
B078HG2ZPS,"₹3,657.66",29.0
B07N2MGB3G,"₹1,699",15.0
B008LN8KDM,"₹1,849",12.0
B08MZNT7GP,"₹12,499",37.0
B009P2L7CO,"₹1,099",43.0
B07YC8JHMB,"₹8,199",49.0
B0BNQMF152,₹499,77.0
B08J7VCT12,"₹6,999",53.0
B0989W6J2F,"₹1,595",11.0
B0B84KSH3X,"₹1,049",46.0
B08HLC7Z3G,"₹1,182",61.0
B0BN6M3TCM,₹499,50.0
B01L6MT7E0,"₹8,799",27.0
B0B9F9PT8R,"₹1,529",49.0
B0883LQJ6B,"₹1,199",29.0
B099Z83VRC,"₹1,052",41.0
B00S9BSJC8,"₹6,499",28.0
B0B4SJKRDF,₹239,0.0
B0BM4KTNL1,₹699,56.0
B08S6RKT4L,"₹2,599",39.0
B09SZ5TWHW,"₹1,547",46.0
B0BLC2BYPX,₹499,62.0
B00P0R95EA,₹510,20.0
B07W4HTS8Q,"₹1,899",50.0
B078JBK4GX,"₹2,599",43.0
B08S7V8YTN,"₹1,199",66.0
B07H5PBN54,₹999,62.0
B07YCBSCYB,"₹1,999",39.0
B098T9CJVQ,₹210,70.0
B01KCSGBU2,"₹14,499",38.0
B095XCRDQW,₹950,41.0
B09CTWFV5W,"₹7,199",28.0
B0B7NWGXS6,"₹2,439",4.0
B07DZ986Q2,"₹7,799",13.0
B07KKJPTWB,"₹1,599",20.0
B071R3LHFM,"₹2,899",47.0
B086X18Q71,"₹9,799",19.0
B07WVQG8WZ,"₹3,299",34.0
B0BFBNXS94,₹669,55.0
B071113J7M,"₹5,890",22.0
B09YLWT89W,"₹9,199",49.0
B0814LP6S9,₹351,68.0
B07BKSSDR2,₹899,53.0
B09VGS66FV,"₹1,349",27.0
B07RCGTZ4M,"₹6,236",38.0
B0747VDH9L,"₹2,742",31.0
B08XLR6DSB,₹721,52.0
B08H6CZSHT,"₹2,903",12.0
B07CVR2L5K,"₹1,656",39.0
B09J4YQYX3,"₹1,399",39.0
B0B2DD8BQ8,"₹2,079",33.0
B0123P3PWE,₹999,7.0
B08HDCWDXD,"₹3,179",55.0
B0836JGZ74,"₹1,049",58.0
B0BCKJJN8R,"₹3,599",51.0
B008P7IF02,"₹4,799",17.0
B08CNLYKW5,"₹1,699",50.0
B08C7TYHPB,₹664,55.0
B08VJFYH6N,₹948,41.0
B08235JZFB,₹850,15.0
B078XFKBZL,₹600,6.0
B01M265AAK,"₹3,711",17.0
B0B694PXQJ,₹799,73.0
B00B3VFJY2,₹980,0.0
B08W9BK4MD,₹351,61.0
B09X5HD5T1,₹229,54.0
B08H6B3G96,"₹3,349",16.0
B09N3BFP4M,"₹5,499",52.0
B09DSQXCM8,₹299,40.0
B01M69WCZ6,"₹2,249",37.0
B0BM9H2NY9,₹699,56.0
B099FDW2ZF,"₹1,235",18.0
B0B935YNR7,"₹1,349",55.0
B07JGCGNDG,"₹6,800",41.0
B08L12N5H1,"₹2,099",16.0
B07GWTWFS2,"₹1,699",14.0
B09KRHXTLN,"₹1,069",37.0
B09H34V36W,"₹1,349",46.0
B09J2QCKKM,"₹1,499",57.0
B09XRBJ94N,"₹2,092",55.0
B07SLNG3LW,"₹3,859",63.0
B0BNDGL26T,₹499,77.0
B095PWLLY6,"₹1,804",24.0
B07Y9PY6Y1,"₹6,525",26.0
B0BJ966M5K,"₹4,999",80.0
B086GVRP63,"₹1,189",50.0
B08MVXPTDG,"₹2,590",38.0
B0BMZ6SY89,₹899,44.0
B09P1MFKG1,₹998,67.0
B01LY9W8AF,₹998.06,22.0
B07ZJND9B9,"₹1,099",45.0
B0B2CWRDB1,"₹5,999",40.0
B072NCN9M4,"₹8,886",25.0
B08SKZ2RMG,₹475,52.0
B0B53DS4TF,"₹4,995",75.0
B08BJN4MP3,"₹13,999",44.0
B0BCYQY9X5,"₹8,499",48.0
B009UORDX4,₹949,3.0
B08VGDBF3B,₹395,21.0
B012ELCYUG,₹635,0.0
B07S9M8YTY,₹717,48.0
B0B19VJXQZ,"₹27,900",53.0
B00SMFPJG0,₹649,3.0
B0BHYLCL19,₹193,52.0
B0BPJBTB3F,"₹1,299",48.0
B08MXJYB2V,"₹2,449",28.0
B081B1JL35,"₹1,049",58.0
B09VL9KFDB,"₹2,399",43.0
B0B1MDZV9C,"₹2,286",49.0
B08TT63N58,₹499,77.0
B08YK7BBD2,₹429,57.0
B07YQ5SN4H,₹299,50.0
B0B7FJNSZR,"₹5,395",73.0
B01N6IJG0F,₹559,45.0
B0B84QN4CN,₹660,40.0
B0B8ZM9RVV,₹419,58.0
B01892MIPA,"₹7,349",33.0
B08ZHYNTM1,"₹2,899",28.0
B09SDDQQKP,"₹1,799",45.0
B0B5RP43VN,"₹1,474",68.0
B096NTB9XT,"₹15,999",35.0
B078JF6X9B,"₹3,645",40.0
B08CGW4GYR,₹375,62.0
B00A328ENA,"₹2,976",25.0
B0763K5HLQ,"₹1,099",27.0
B09PDZNSBG,"₹2,575",62.0
B085LPT5F4,"₹1,649",41.0
B0B9RZ4G4W,₹799,53.0
B0085W2MUQ,₹765,21.0
B09474JWN6,₹999,33.0
B09G2VTHQM,₹587,55.0
B07R679HTT,"₹12,609",47.0
B00B7GKXMG,₹699,18.0
B07H3N8RJH,"₹3,799",37.0
B07K2HVKLL,₹640,37.0
B09MQ9PDHR,₹979,51.0
B014HDJ7ZE,"₹5,365",28.0
B07D2NMTTV,"₹3,199",9.0
B075K76YW1,₹979,30.0
B0BNLFQDG2,₹929,58.0
B082ZQ4479,"₹3,710",14.0
B09Y358DZQ,"₹2,033",53.0
B09M3F4HGB,"₹9,495",50.0
B07VZH6ZBB,"₹7,799",38.0
B07F366Z51,₹949,60.0
B077BTLQ67,"₹2,790",43.0
B07YSJ7FF1,₹645,41.0
B07TXCY3YK,"₹2,237.81",43.0
B07TC9F7PN,"₹8,699",49.0
B09NS5TKPN,"₹42,990",43.0
B00LP9RFSU,₹825,0.0
B0B7L86YCB,₹161,46.0
B09VPH38JS,₹697,54.0
B01MUAUOCX,₹688,8.0
B09MB3DKG1,"₹2,199",45.0
B08QHLXWV3,"₹6,850",43.0
B07G147SZD,"₹2,699",29.0
B09LH32678,₹899,55.0
B09R1YFL6S,"₹1,090",64.0
B07Q4NJQC5,₹295,51.0
B097RN7BBK,₹479,76.0
B097MKZHNV,"₹2,949",39.0
B07LG96SDB,₹335,34.0
B08KS2KQTK,₹293,41.0
B095K14P86,₹599,54.0
B08K36NZSV,₹499,50.0
B07LDPLSZC,₹849,29.0
B07F1T31ZZ,₹249,38.0
B0BNDRK886,₹185,69.0
B09ZVJXN5L,₹778,22.0
B08JKPVDKL,₹279,60.0
B09JFR8H3Q,₹215,86.0
B07LDN9Q2P,₹889,31.0
B08T8KWNQ9,"₹1,449",71.0
B07Y1RCCW5,"₹1,190",53.0
B0762HXMTF,"₹1,799",8.0
B00K57MR22,"₹6,120",28.0
B07TTSS5MP,"₹1,799",45.0
B09ZDVL7L8,"₹2,199",44.0
B09XHXXCFH,"₹3,685",33.0
B0BL3R4RGS,₹649,35.0
B07P1BR7L8,"₹8,599",4.0
B078WB1VWJ,"₹1,110",31.0
B0BP89YBC1,"₹1,499",57.0
B09W9V2PXG,₹759,62.0
B09XTQFFCG,"₹2,669",17.0
B08LVVTGZK,₹929,29.0
B07J2BQZD6,₹199,50.0
B07HK53XM4,₹279,53.0
B08RDWBYCQ,₹549,45.0
B09FHHTL8L,₹85,57.0
B0BHNHMR3H,₹499,62.0
B07D8VBYB4,"₹5,865",25.0
B0B3TBY2YX,"₹1,260",45.0
B088WCFPQF,"₹1,099",27.0
B07JZSG42Y,"₹1,928",26.0
B08YRMBK9R,"₹3,249",48.0
B00935MGHS,"₹1,199",33.0
B07B5XJ572,"₹1,456",54.0
B086199CWG,"₹3,349",30.0
B0BBWJFK5C,"₹4,899",46.0
B07GLS2563,"₹1,199",37.0
B09P182Z2H,"₹3,290",43.0
B0B59K1C8F,₹179,78.0
B06Y36JKC3,₹149,50.0
B075S9FVRY,"₹5,490",24.0
B08SJVD8QD,₹379,3.0
B07FJNNZCJ,"₹8,699",33.0
B09MFR93KS,"₹3,041.67",49.0
B07Y5FDPKV,"₹1,745",27.0
B0756KCV5K,"₹3,180",40.0
B0BJ6P3LSK,"₹4,999",80.0
B09HS1NDRQ,₹390,51.0
B018SJJ0GE,"₹1,999",33.0
B09FPP3R1D,"₹1,624",35.0
B01F7B2JCI,₹184,59.0
B09NNZ1GF7,₹445,55.0
B01CS4A5V4,₹699,59.0
B0BL11S5QK,"₹1,601",59.0
B09BL2KHQW,₹231,11.0
B081RLM75M,₹369,38.0
B07SYYVP69,₹809,59.0
B0BDZWMGZ1,"₹1,199",60.0
B078JT7LTD,"₹6,120",24.0
B09WF4Q7B3,"₹1,799",31.0
B092R48XXB,"₹18,999",37.0
B00KIDSU8S,"₹1,999",15.0
B0977CGNJJ,"₹5,999",48.0
B08WWKM5HQ,"₹2,599",46.0
B015GX9Y0W,"₹1,199",50.0
B089BDBDGM,₹219,12.0
B0BPBG712X,₹799,33.0
B00JBNZPFM,"₹6,199",44.0
B08N6P8G5K,"₹6,790",38.0
B07NPBG1B4,"₹1,982.84",40.0
B01MRARGBW,₹199,50.0
B07VZYMQNZ,"₹1,180",18.0
B01L7C4IU2,"₹2,199",28.0
B09H7JDJCW,"₹2,999",17.0
B07F6GXNPB,₹253,49.0
B0B97D658R,₹499,38.0
B09NFSHCWN,"₹1,149",39.0
B076VQS87V,₹457,43.0
B09LMMFW3S,₹229,43.0
B0BBLHTRM9,₹199,72.0
B0BJYSCWFQ,₹899,55.0
B0187F2IOK,"₹1,499",32.0
B0B8CB7MHW,₹426,57.0
B07K19NYZ8,"₹2,320",29.0
B08ZXZ362Z,"₹1,563",50.0
B00GHL8VP2,"₹3,487.77",30.0
B0B9JZW1SQ,₹498,59.0
B00TI8E7BI,"₹2,695",0.0
B07J9KXQCC,₹949,59.0
B0B3JSWG81,₹199,80.0
B08L7J3T31,₹379,59.0
B01M6453MB,"₹2,280",25.0
B009P2LIL4,"₹2,219",28.0
B00J5DYCCA,"₹1,399",26.0
B01486F4G6,"₹2,863",22.0
